Workbook

Sheet Сводка
A2: Журнал курса MLOps 2026–2027
A3: Поток от 30 студентов, 16 лабораторных работ, команды по 2–5 человек
A5: Показатель | B5: Значение
A6: Студентов внесено | B6: =COUNTA(Студенты!B6:B45) -> 0
A7: Команд с участниками | B7: =COUNTIF(Команды!D6:D15,">0") -> 0
A8: Команд корректного размера | B8: =COUNTIF(Команды!E6:E15,"OK") -> 0
A9: Команд с нарушением размера | B9: =COUNTIF(Команды!E6:E15,"Проверить") -> 0
A10: Студентов без команды | B10: =COUNTIFS(Студенты!B6:B45,"<>",Студенты!D6:D45,"") -> 0
A12: Правило | B12: Минимум | C12: Максимум | D12: Контроль
A13: Размер команды | B13: 2 | C13: 5 | D13: Автоматически на листе Команды
A14: Количество студентов | B14: 30 | C14: 40 | D14: Шаблон рассчитан на 40 строк
A15: Команд в базовой конфигурации | B15: 8 | C15: 8 | D15: Для 30 студентов: 6×4 и 2×3
A16: Лабораторных работ | B16: 16 | C16: 16 | D16: ЛР16 включает итоговую интеграцию и индивидуальную защиту
A17: Минимум по лабораторной | B17: 6 | C17: 10 | D17: Командный результат плюс индивидуальная защита
A19: Порядок заполнения
A20: 1. Внести ФИО и группу на листе Студенты.
A21: 2. Назначить номер команды и текущую роль.
A22: 3. На листе Команды указать трек, тему и репозиторий.
A23: 4. После защиты вносить командные баллы по лабораторным и индивидуальный коэффициент.

Sheet Студенты
A2: Студенты и индивидуальный вклад
A3: Желтые поля заполняет преподаватель. Номер команды должен быть от 1 до 10.
A5: № | B5: ФИО | C5: Группа | D5: Команда | E5: Текущая роль | F5: Git логин | G5: Статус | H5: Индив. коэффициент | I5: Командный средний балл | J5: Итог по лабораторным
A6: 1 | G6: =IF(B6="","",IF(D6="","Без команды","Назначен")) | H6: 1 | I6: =IF(D6="","",INDEX(Команды!$X$6:$X$15,D6)) | J6: =IF(OR(I6="",H6=""),"",I6*H6)
A7: 2 | G7: =IF(B7="","",IF(D7="","Без команды","Назначен")) | H7: 1 | I7: =IF(D7="","",INDEX(Команды!$X$6:$X$15,D7)) | J7: =IF(OR(I7="",H7=""),"",I7*H7)
A8: 3 | G8: =IF(B8="","",IF(D8="","Без команды","Назначен")) | H8: 1 | I8: =IF(D8="","",INDEX(Команды!$X$6:$X$15,D8)) | J8: =IF(OR(I8="",H8=""),"",I8*H8)
A9: 4 | G9: =IF(B9="","",IF(D9="","Без команды","Назначен")) | H9: 1 | I9: =IF(D9="","",INDEX(Команды!$X$6:$X$15,D9)) | J9: =IF(OR(I9="",H9=""),"",I9*H9)
A10: 5 | G10: =IF(B10="","",IF(D10="","Без команды","Назначен")) | H10: 1 | I10: =IF(D10="","",INDEX(Команды!$X$6:$X$15,D10)) | J10: =IF(OR(I10="",H10=""),"",I10*H10)
A11: 6 | G11: =IF(B11="","",IF(D11="","Без команды","Назначен")) | H11: 1 | I11: =IF(D11="","",INDEX(Команды!$X$6:$X$15,D11)) | J11: =IF(OR(I11="",H11=""),"",I11*H11)
A12: 7 | G12: =IF(B12="","",IF(D12="","Без команды","Назначен")) | H12: 1 | I12: =IF(D12="","",INDEX(Команды!$X$6:$X$15,D12)) | J12: =IF(OR(I12="",H12=""),"",I12*H12)
A13: 8 | G13: =IF(B13="","",IF(D13="","Без команды","Назначен")) | H13: 1 | I13: =IF(D13="","",INDEX(Команды!$X$6:$X$15,D13)) | J13: =IF(OR(I13="",H13=""),"",I13*H13)
A14: 9 | G14: =IF(B14="","",IF(D14="","Без команды","Назначен")) | H14: 1 | I14: =IF(D14="","",INDEX(Команды!$X$6:$X$15,D14)) | J14: =IF(OR(I14="",H14=""),"",I14*H14)
A15: 10 | G15: =IF(B15="","",IF(D15="","Без команды","Назначен")) | H15: 1 | I15: =IF(D15="","",INDEX(Команды!$X$6:$X$15,D15)) | J15: =IF(OR(I15="",H15=""),"",I15*H15)
A16: 11 | G16: =IF(B16="","",IF(D16="","Без команды","Назначен")) | H16: 1 | I16: =IF(D16="","",INDEX(Команды!$X$6:$X$15,D16)) | J16: =IF(OR(I16="",H16=""),"",I16*H16)
A17: 12 | G17: =IF(B17="","",IF(D17="","Без команды","Назначен")) | H17: 1 | I17: =IF(D17="","",INDEX(Команды!$X$6:$X$15,D17)) | J17: =IF(OR(I17="",H17=""),"",I17*H17)
... A45: 40 | G45: =IF(B45="","",IF(D45="","Без команды","Назначен")) | H45: 1 | I45: =IF(D45="","",INDEX(Команды!$X$6:$X$15,D45)) | J45: =IF(OR(I45="",H45=""),"",I45*H45)

Sheet Команды
A2: Команды и проектные треки
A3: Размер команды рассчитывается по листу Студенты. Допустимо от 2 до 5 человек.
A5: Команда | B5: Трек | C5: Тема проекта | D5: Участников | E5: Размер | F5: Репозиторий | G5: ЛР 1 | H5: ЛР 2 | I5: ЛР 3 | J5: ЛР 4 | K5: ЛР 5 | L5: ЛР 6 | M5: ЛР 7 | N5: ЛР 8 | O5: ЛР 9 | P5: ЛР 10 | Q5: ЛР 11 | R5: ЛР 12 | S5: ЛР 13 | T5: ЛР 14 | U5: ЛР 15 | V5: ЛР 16 | W5: Примечание | X5: Средний балл
A6: 1 | D6: =COUNTIF(Студенты!$D$6:$D$45,A6) -> 0 | E6: =IF(D6=0,"",IF(AND(D6>=2,D6<=5),"OK","Проверить")) | X6: =IF(COUNT(G6:V6)=0,"",AVERAGE(G6:V6))
A7: 2 | D7: =COUNTIF(Студенты!$D$6:$D$45,A7) -> 0 | E7: =IF(D7=0,"",IF(AND(D7>=2,D7<=5),"OK","Проверить")) | X7: =IF(COUNT(G7:V7)=0,"",AVERAGE(G7:V7))
A8: 3 | D8: =COUNTIF(Студенты!$D$6:$D$45,A8) -> 0 | E8: =IF(D8=0,"",IF(AND(D8>=2,D8<=5),"OK","Проверить")) | X8: =IF(COUNT(G8:V8)=0,"",AVERAGE(G8:V8))
A9: 4 | D9: =COUNTIF(Студенты!$D$6:$D$45,A9) -> 0 | E9: =IF(D9=0,"",IF(AND(D9>=2,D9<=5),"OK","Проверить")) | X9: =IF(COUNT(G9:V9)=0,"",AVERAGE(G9:V9))
A10: 5 | D10: =COUNTIF(Студенты!$D$6:$D$45,A10) -> 0 | E10: =IF(D10=0,"",IF(AND(D10>=2,D10<=5),"OK","Проверить")) | X10: =IF(COUNT(G10:V10)=0,"",AVERAGE(G10:V10))
A11: 6 | D11: =COUNTIF(Студенты!$D$6:$D$45,A11) -> 0 | E11: =IF(D11=0,"",IF(AND(D11>=2,D11<=5),"OK","Проверить")) | X11: =IF(COUNT(G11:V11)=0,"",AVERAGE(G11:V11))
A12: 7 | D12: =COUNTIF(Студенты!$D$6:$D$45,A12) -> 0 | E12: =IF(D12=0,"",IF(AND(D12>=2,D12<=5),"OK","Проверить")) | X12: =IF(COUNT(G12:V12)=0,"",AVERAGE(G12:V12))
A13: 8 | D13: =COUNTIF(Студенты!$D$6:$D$45,A13) -> 0 | E13: =IF(D13=0,"",IF(AND(D13>=2,D13<=5),"OK","Проверить")) | X13: =IF(COUNT(G13:V13)=0,"",AVERAGE(G13:V13))
A14: 9 | D14: =COUNTIF(Студенты!$D$6:$D$45,A14) -> 0 | E14: =IF(D14=0,"",IF(AND(D14>=2,D14<=5),"OK","Проверить")) | X14: =IF(COUNT(G14:V14)=0,"",AVERAGE(G14:V14))
A15: 10 | D15: =COUNTIF(Студенты!$D$6:$D$45,A15) -> 0 | E15: =IF(D15=0,"",IF(AND(D15>=2,D15<=5),"OK","Проверить")) | X15: =IF(COUNT(G15:V15)=0,"",AVERAGE(G15:V15))

Sheet Лабораторные
A2: 16 лабораторных работ со сквозным проектом и индивидуальной защитой
A5: № | B5: Лабораторная работа | C5: Ключевой артефакт | D5: Стоп фактор | E5: Неделя
A6: 1 | B6: Репозиторий, роли и воспроизводимая среда | C6: README, роли, личные PR и review | D6: Прямой push или невоспроизводимый запуск | E6: 1
A7: 2 | B7: Контракт данных и проверки качества | C7: Data card, schema, validation report | D7: Источник или качество данных не прослеживаются | E7: 2
A8: 3 | B8: Версионирование данных и DVC | C8: DVC-метаданные, remote, протокол восстановления | D8: Pipeline не восстанавливается через dvc repro | E8: 3
A9: 4 | B9: MLflow Tracking и эксперименты | C9: MLflow runs, параметры, метрики, артефакты | D9: Run не связан с кодом или данными | E9: 4
A10: 5 | B10: Тестирование данных, модели и pipeline | C10: pytest, fixtures, положительный и отрицательный отчёты | D10: Проверки не подтверждают контракт | E10: 5
A11: 6 | B11: Контейнеризация и управление средой | C11: Dockerfile, compose.yaml, воспроизводимая сборка | D11: Образ не воспроизводится или сервис не запускается | E11: 6
A12: 7 | B12: Сервис предсказаний и контракт API | C12: FastAPI, OpenAPI, негативные тесты | D12: Нет валидации или типизированного контракта | E12: 7
A13: 8 | B13: Непрерывная интеграция и quality gates | C13: GitHub Actions, lint, тесты, два запуска CI | D13: Merge возможен при failed checks | E13: 8
A14: 9 | B14: Оркестрация обучения и обработка отказов | C14: Prefect flow, retries, журнал запуска | D14: Неидемпотентный run или неясный отказ | E14: 9
A15: 10 | B15: MLflow Registry и управляемый выпуск | C15: Aliases/tags, release manifest, rollback | D15: Нет quality gate или rollback | E15: 10
A16: 11 | B16: Наблюдаемость ML-сервиса | C16: Metrics, logs, dashboard, SLI/SLO | D16: Сбой нельзя диагностировать | E16: 11
A17: 12 | B17: Drift, delayed labels и реакция | C17: Report, policy, gate, runbook | D17: Реакция на drift неуправляема | E17: 12
... A21: 16 | B21: Интеграционный релиз и индивидуальная защита | C21: E2E demo, release manifest, evidence cards | D21: Невоспроизводимая система или не подтверждён вклад | E21: 16
